,title,url,thumbnail_url,channel,description
0,"HÃ i Táº¿t Tráº¥n ThÃ nh HáººM Cá»¤T - Táº­p 3 | GIA ÄÃŒNH, GIA ÄÃŒNH | Ngá»c GiÃ u, Viá»‡t Anh, BB Tráº§n, Háº£i Triá»u",https://www.youtube.com/watch?v=vLfB38iI2lA,https://i.ytimg.com/vi/vLfB38iI2lA/hqdefault.jpg?sqp=-oaymwEcCPYBEIoBSFXyq4qpAw4IARUAAIhCGAFwAcABBg==&rs=AOn4CLDZZ4Lw7lZT94gcfSbzZU9xFQiYqg,TRáº¤N THÃ€NH TOWN,"HÃ i Táº¿t Tráº¥n ThÃ nh HáººM Cá»¤T -Táº­p 3| GIA ÄÃŒNH, GIA ÄÃŒNH| Ngá»c GiÃ u, Viá»‡t Anh, LÃª Giang, DÆ°Æ¡ng LÃ¢m, Quá»‘c KhÃ¡nh, Lá»™ Lá»™, AQuay, BB Tráº§n, Háº£i Triá»u, Ngá»c PhÆ°á»›c,..."
1,SÃ³ng 22 â€“ ChÆ°Æ¡ng trÃ¬nh giáº£i trÃ­ ÄÃªm Giao Thá»«a 2022 há»™i tá»¥ hÆ¡n 100 nghá»‡ sÄ© hÃ ng Ä‘áº§u Viá»‡t Nam Táº¿t 2022,https://www.youtube.com/watch?v=wFuMcQw_uDM,https://i.ytimg.com/vi/wFuMcQw_uDM/hqdefault.jpg?sqp=-oaymwEcCPYBEIoBSFXyq4qpAw4IARUAAIhCGAFwAcABBg==&rs=AOn4CLCS9_WhonpokZsxXxoVM6YplzO7qw,Vie DRAMAS,"ÄÃ³n xem SÃ³ng 22 Ä‘Æ°á»£c phÃ¡t sÃ³ng Ä‘á»“ng thá»i trÃªn 3 kÃªnh truyá»n hÃ¬nh Vie Channel â€“ HTV2, Vie Giáº£iTrÃ­, Vie Dramas vÃ  siÃªu á»©ng dá»¥ng VieON vÃ o Ä‘Ãªm Giao thá»«a Táº¿t..."
2,Nhá»¯ng cÃ¢u nÃ³i hay nháº¥t TÃ¡o quÃ¢n 2022 - Gáº·p nhau cuá»‘i nÄƒm | VTV24,https://www.youtube.com/watch?v=BRp1xYIEKYs,https://i.ytimg.com/vi/BRp1xYIEKYs/hqdefault.jpg?sqp=-oaymwEcCPYBEIoBSFXyq4qpAw4IARUAAIhCGAFwAcABBg==&rs=AOn4CLD6LMOSMNSG3VI212_FehhSC_RQug,VTV24,Tá»•ng há»£p nhá»¯ng cÃ¢u nÃ³i hay nháº¥t TÃ¡o quÃ¢n 2022. ğŸ‘‰ XEM CÃC Táº¬P TÃO QUÃ‚N ÄÃƒ PHÃT SÃ“NG Táº I: https://vtvgo.vn/vod_channel/130 Äáº·c biá»‡t cÃ³ báº£n full (UNCUT) TÃO...
3,"HÃ i Táº¿t Tráº¥n ThÃ nh HáººM Cá»¤T -Táº­p 2 | NGÆ¯á»œI VÄ‚N MINH | LÃª Giang, DÆ°Æ¡ng LÃ¢m, Quá»‘c KhÃ¡nh, Lá»™ Lá»™, AQuay",https://www.youtube.com/watch?v=xPrIFCTHicw,https://i.ytimg.com/vi/xPrIFCTHicw/hqdefault.jpg?sqp=-oaymwEcCPYBEIoBSFXyq4qpAw4IARUAAIhCGAFwAcABBg==&rs=AOn4CLDIt3JUBMMGfE8Epm8NoC_OGcK0eg,TRáº¤N THÃ€NH TOWN,"HÃ i Táº¿t Tráº¥n ThÃ nh HáººM Cá»¤T -Táº­p 2 | NGÆ¯á»œI VÄ‚N MINH | LÃª Giang, DÆ°Æ¡ng LÃ¢m, Quá»‘c KhÃ¡nh, Lá»™ Lá»™, AQuay #TranThanh #HemCut #phimhaitet #phimhaitet2022 #LeGiang #BaoLam..."
4,CÃI Táº¾T Cá»¦A Ã”NG NÄ‚M,https://www.youtube.com/watch?v=fs_2D2VGuHo,https://i.ytimg.com/vi/fs_2D2VGuHo/hqdefault.jpg?sqp=-oaymwEcCPYBEIoBSFXyq4qpAw4IARUAAIhCGAFwAcABBg==&rs=AOn4CLBAm_Rf8ezBB49XPJ_jpKS7h6QR-A,THá» Báº¢Y MÃ€U,CÃI Táº¾T Cá»¦A Ã”NG NÄ‚M #thobaymau #tho7mau #ongnam ÄÃ¢y lÃ  kÃªnh chÃ­nh thá»©c cá»§a Thá» Báº£y MÃ u. Vui lÃ²ng khÃ´ng reup video cá»§a Thá» dÆ°á»›i má»i hÃ¬nh thá»©c. #HHCT...
5,Khi Táº¿t tÃ´i máº·c Ä‘á»“ Ä‘áº¹p Ä‘á»ƒ nháº­n LÃ¬ XÃ¬ vÃ  cÃ¡i káº¿t | TikTok hÃ i,https://www.youtube.com/watch?v=qpIiJChMaEQ,,Äá»— Duy Hiáº¿u,"#shorts #tiktok #trend #doduyhieu #tiktokvietnam Video mang tÃ­nh cháº¥t giáº£i trÃ­ nha má»i ngÆ°á»i -Náº¿u cÃ³ váº¥n Ä‘á» vá» báº£n quyá»n Ã‚m nháº¡c,HÃ¬nh áº£nhâ€¦Mong bÃªn chá»§..."
6,"HÃ i táº¿t Trung Ruá»“i Lá»  Rá»’I Tá»šI LUÃ”N | Quang Tháº¯ng, Chiáº¿n Tháº¯ng, ThÃ¡i DÆ°Æ¡ng, Pháº¡m Vinh, CÆ°á»ng CÃ¡â€¦",https://www.youtube.com/watch?v=2S3dDwOa07Y,,Trung Ruá»“i Official,"HÃ i táº¿t Trung Ruá»“i Lá»  Rá»’I Tá»šI LUÃ”N | Quang Tháº¯ng, Chiáº¿n Tháº¯ng, ThÃ¡i DÆ°Æ¡ng, Pháº¡m Vinh, CÆ°á»ng CÃ¡â€¦ Má»™t phim ngáº¯n cá»§a Trung Ruá»“i, káº¿t há»£p vá»›i cÃ¡c nghá»‡..."
7,"TÃ¡o QuÃ¢n Chuyá»‡n ChÆ°a Ká»ƒ 2022 (Gáº·p Nhau Cuá»‘i NÄƒm) Quá»‘c KhÃ¡nh, Tá»± Long, VÃ¢n Dung, Quang Tháº¯ng,...",https://www.youtube.com/watch?v=NBRz7lK3kO0,,LiÃªn QuÃ¢n Mobile eSports - Garena,"TÃ¡o QuÃ¢n Chuyá»‡n ChÆ°a Ká»ƒ 2022 (Gáº·p Nhau Cuá»‘i NÄƒm) Quá»‘c KhÃ¡nh, Tá»± Long, VÃ¢n Dung, Quang Tháº¯ng, ChÃ­ Trung, Äá»™ Mixi, Cris Phan, Háº­u HoÃ ng, Duy KhÃ¡nh (CÃ y View nháº­n..."
8,VÅ© vÃ  Hiá»n Há»“ khiáº¿n fan ngháº¹n ngÃ o vá»›i NgÆ°á»i YÃªu CÅ© & BÆ°á»›c Qua Nhau & SÃ i GÃ²n Äau LÃ²ng QuÃ¡ | SÃ³ng 22,https://www.youtube.com/watch?v=A1XeBtFmYU4,,Vie DRAMAS,"ÄÃ³n xem SÃ³ng 22 Ä‘Æ°á»£c phÃ¡t sÃ³ng Ä‘á»“ng thá»i trÃªn 3 kÃªnh truyá»n hÃ¬nh Vie Channel â€“ HTV2, Vie Giáº£iTrÃ­, Vie Dramas vÃ  siÃªu á»©ng dá»¥ng VieON vÃ o Ä‘Ãªm Giao thá»«a Táº¿t..."
9,Táº¾T VUI Máº¤T Há»’N I HERO TEAM - PHIM HÃ€I Táº¾T 2022,https://www.youtube.com/watch?v=NwjfiWVhv6A,,HERO TEAM,CÃ¹ng hÃ³ng xem @MÃ¨o Simmy @Mister Vit @Phong Cáº­n Tv @Sammy ÄÃ o @Siro Official @Kamui TV @Kairon TV @Mimi TV trong phim Táº¾T VUI Máº¤T Há»’N nÃ y nhÃ©! Táº¾T VUI Máº¤T Há»’N I HERO...
